chemin,class,classe_LOC,classe_CLOC,classe_DC,WMC,classes_BC
~ root ~,module-info.java,40,3,0.075,1,0.075
org/jfree/data/,KeyedValues2D.java,12,91,7.5833335,10,0.7583333
org/jfree/chart/,ChartElement.java,4,44,11.0,4,2.75
org/jfree/data/,KeyToGroupMap.java,9,295,32.77778,34,0.9640523
org/jfree/data/,DomainOrder.java,2,48,24.0,5,4.8
org/jfree/chart/,JFreeChart.java,60,1577,26.283333,130,0.20217948
org/jfree/data/,KeyedValues.java,8,81,10.125,10,1.0125
org/jfree/chart/,ChartTransferable.java,10,241,24.1,20,1.205
org/jfree/chart/,StandardChartTheme.java,64,1727,26.984375,106,0.2545696
org/jfree/data/,DomainInfo.java,6,68,11.333333,7,1.6190475
org/jfree/data/,ItemKey.java,4,43,10.75,4,2.6875
org/jfree/data/,DefaultKeyedValue.java,7,153,21.857143,8,2.732143
org/jfree/chart/,ChartTheme.java,4,47,11.75,4,2.9375
org/jfree/chart/,ChartHints.java,25,68,2.72,5,0.544
org/jfree/data/,RangeType.java,2,54,27.0,4,6.75
org/jfree/chart/,ChartRenderingInfo.java,13,235,18.076923,17,1.0633484
org/jfree/data/,ComparableObjectSeries.java,13,440,33.846153,56,0.60439557
org/jfree/data/,KeyedValues2DItemKey.java,7,144,20.571428,9,2.2857141
org/jfree/chart/,ChartElementVisitor.java,4,43,10.75,4,2.6875
org/jfree/data/,KeyedObjects2D.java,8,487,60.875,44,1.3835227
org/jfree/data/,Values2D.java,6,63,10.5,5,2.1
org/jfree/data/,KeyedObjects.java,7,329,47.0,33,1.4242424
org/jfree/data/,DefaultKeyedValues.java,13,435,33.46154,37,0.90436596
org/jfree/data/,KeyedValueComparatorType.java,2,52,26.0,4,6.5
org/jfree/data/,KeyedObject.java,6,143,23.833334,12,1.9861112
org/jfree/data/,KeyedValuesItemKey.java,6,107,17.833334,7,2.547619
org/jfree/data/,UnknownKeyException.java,6,47,7.8333335,4,1.9583334
org/jfree/data/,KeyedValueComparator.java,6,155,25.833334,23,1.1231884
org/jfree/chart/,ChartFactory.java,87,1955,22.471264,148,0.15183286
org/jfree/data/,Values.java,5,54,10.8,7,1.5428572
org/jfree/data/,DataUtils.java,126,122,0.96825397,22,0.044011544
org/jfree/chart/,Drawable.java,6,37,6.1666665,4,1.5416666
org/jfree/data/,RangeInfo.java,6,64,10.666667,5,2.1333334
org/jfree/data/,Value.java,4,48,12.0,4,3.0
org/jfree/chart/,ChartColor.java,4,172,43.0,4,10.75
org/jfree/data/,KeyedValue.java,4,46,11.5,4,2.875
org/jfree/chart/,ChartUtils.java,235,395,1.6808511,52,0.03232406
org/jfree/data/,ComparableObjectItem.java,6,158,26.333334,10,2.6333334
org/jfree/data/,DefaultKeyedValues2D.java,10,541,54.1,49,1.1040816
org/jfree/data/,Range.java,4,446,111.5,55,2.0272727
org/jfree/chart/,package-info.java,1,3,3.0,1,3.0
org/jfree/data/general/,Series.java,6,232,38.666668,29,1.3333334
org/jfree/data/general/,SeriesException.java,3,57,19.0,5,3.8
org/jfree/data/general/,DefaultKeyedValueDataset.java,7,186,26.571428,17,1.5630252
org/jfree/data/statistics/,DefaultBoxAndWhiskerXYDataset.java,12,548,45.666668,47,0.9716312
org/jfree/data/xy/,MatrixSeriesCollection.java,11,297,27.0,27,1.0
org/jfree/data/io/,CSV.java,8,188,23.5,16,1.46875
org/jfree/data/xy/,OHLCDataset.java,13,136,10.461538,9,1.1623931
org/jfree/data/statistics/,Regression.java,223,107,0.47982064,15,0.031988043
org/jfree/data/xml/,CategorySeriesHandler.java,7,141,20.142857,8,2.517857
org/jfree/data/xy/,XYSeriesCollection.java,27,724,26.814816,72,0.372428
org/jfree/data/category/,SlidingCategoryDataset.java,10,361,36.1,29,1.2448275
org/jfree/data/flow/,FlowDataset.java,14,109,7.785714,12,0.6488095
org/jfree/data/statistics/,SimpleHistogramBin.java,5,272,54.4,27,2.0148149
org/jfree/data/xy/,AbstractXYZDataset.java,13,47,3.6153846,5,0.72307694
org/jfree/data/xy/,DefaultTableXYDataset.java,18,610,33.88889,41,0.8265583
org/jfree/data/statistics/,BoxAndWhiskerCategoryDataset.java,24,194,8.083333,4,2.0208333
org/jfree/data/general/,KeyedValuesDataset.java,4,39,9.75,4,2.4375
org/jfree/data/xml/,DatasetTags.java,2,61,30.5,5,6.1
org/jfree/data/general/,ValueDataset.java,4,43,10.75,4,2.6875
org/jfree/data/time/,Quarter.java,9,476,52.88889,35,1.5111111
org/jfree/data/general/,DatasetUtils.java,1459,872,0.59766966,292,0.002046814
org/jfree/data/xy/,XisSymbolic.java,6,66,11.0,6,1.8333334
org/jfree/data/category/,IntervalCategoryDataset.java,8,79,9.875,4,2.46875
org/jfree/data/xy/,XYIntervalSeriesCollection.java,12,368,30.666666,14,2.1904762
org/jfree/data/xy/,XYIntervalSeries.java,49,140,2.857143,17,0.16806723
org/jfree/data/statistics/,MultiValueCategoryDataset.java,8,58,7.25,8,0.90625
org/jfree/data/statistics/,HistogramDataset.java,15,478,31.866667,42,0.7587302
org/jfree/data/xy/,AbstractIntervalXYDataset.java,41,75,1.8292683,8,0.22865854
org/jfree/data/general/,KeyedValues2DDataset.java,4,43,10.75,4,2.6875
org/jfree/data/time/,FixedMillisecond.java,6,281,46.833332,19,2.4649122
org/jfree/data/time/,MovingAverage.java,165,131,0.7939394,33,0.02405877
org/jfree/data/statistics/,Statistics.java,234,186,0.7948718,42,0.01892552
org/jfree/data/function/,PolynomialFunction2D.java,6,118,19.666666,6,3.2777777
org/jfree/data/gantt/,XYTaskDataset.java,13,467,35.923077,30,1.1974359
org/jfree/data/xy/,XYBarDataset.java,7,372,53.142857,21,2.5306122
org/jfree/data/time/,Month.java,9,521,57.88889,52,1.1132479
org/jfree/data/xy/,XYDataset.java,11,97,8.818182,6,1.469697
org/jfree/data/xy/,XYZDataset.java,5,55,11.0,5,2.2
org/jfree/data/general/,DefaultHeatMapDataset.java,6,325,54.166668,27,2.006173
org/jfree/data/xy/,YIntervalDataItem.java,37,66,1.7837838,10,0.17837837
org/jfree/data/xy/,XIntervalSeriesCollection.java,15,368,24.533333,16,1.5333333
org/jfree/data/xml/,ItemHandler.java,5,161,32.2,9,3.5777779
org/jfree/data/xy/,AbstractXYDataset.java,28,62,2.2142856,6,0.3690476
org/jfree/data/xy/,YWithXInterval.java,3,121,40.333332,9,4.4814816
org/jfree/data/xy/,XYItemKey.java,7,142,20.285715,11,1.8441559
org/jfree/data/resources/,DataPackageResources_es.java,7,59,8.428572,4,2.107143
org/jfree/data/time/,DynamicTimeSeriesCollection.java,14,926,66.14286,57,1.1604011
org/jfree/data/xy/,CategoryTableXYDataset.java,11,400,36.363636,25,1.4545455
org/jfree/data/category/,CategoryRangeInfo.java,7,55,7.857143,5,1.5714285
org/jfree/data/time/,TimePeriodValue.java,4,179,44.75,10,4.475
org/jfree/data/xy/,XYDomainInfo.java,6,49,8.166667,5,1.6333334
org/jfree/data/xml/,PieDatasetHandler.java,7,124,17.714285,8,2.2142856
org/jfree/data/statistics/,DefaultMultiValueCategoryDataset.java,196,184,0.93877554,31,0.030283082
org/jfree/data/general/,HeatMapUtils.java,50,69,1.38,7,0.19714285
org/jfree/data/general/,AbstractDataset.java,8,228,28.5,33,0.8636364
org/jfree/data/flow/,NodeKey.java,7,142,20.285715,14,1.4489796
org/jfree/data/xy/,XYDatasetTableModel.java,7,246,35.142857,20,1.7571428
org/jfree/data/time/,Millisecond.java,8,438,54.75,33,1.6590909
org/jfree/data/xy/,VectorXYDataset.java,6,67,11.166667,6,1.8611112
org/jfree/data/flow/,package-info.java,1,3,3.0,1,3.0
org/jfree/data/statistics/,StatisticalCategoryDataset.java,9,71,7.888889,4,1.9722222
org/jfree/data/resources/,DataPackageResources_pl.java,7,59,8.428572,4,2.107143
org/jfree/data/statistics/,MeanAndStandardDeviation.java,4,172,43.0,10,4.3
org/jfree/data/time/,TimeSeriesTableModel.java,6,256,42.666668,35,1.2190477
org/jfree/data/xy/,XYSeries.java,13,943,72.53846,112,0.64766484
org/jfree/data/xy/,YisSymbolic.java,6,67,11.166667,6,1.8611112
org/jfree/data/xy/,XYInterval.java,3,152,50.666668,11,4.6060605
org/jfree/data/time/,TimePeriodValuesCollection.java,12,428,35.666668,38,0.93859655
org/jfree/data/xy/,XIntervalSeries.java,40,122,3.05,15,0.20333333
org/jfree/data/xy/,VectorDataItem.java,36,81,2.25,8,0.28125
org/jfree/data/time/,TimePeriodAnchor.java,2,49,24.5,4,6.125
org/jfree/data/xy/,NormalizedMatrixSeries.java,2,143,71.5,5,14.3
org/jfree/data/general/,DatasetChangeEvent.java,11,69,6.2727275,4,1.5681819
org/jfree/data/xy/,XYRangeInfo.java,6,50,8.333333,5,1.6666666
org/jfree/data/general/,DefaultValueDataset.java,6,131,21.833334,9,2.425926
org/jfree/data/statistics/,BoxAndWhiskerItem.java,6,286,47.666668,17,2.8039217
org/jfree/data/xy/,YIntervalSeries.java,39,124,3.1794872,15,0.21196581
org/jfree/data/time/,TimeSeriesCollection.java,18,691,38.38889,52,0.7382479
org/jfree/data/time/,Week.java,8,645,80.625,62,1.3004032
org/jfree/data/xy/,OHLCDataItem.java,5,193,38.6,16,2.4125
org/jfree/data/resources/,DataPackageResources_fr.java,7,57,8.142858,4,2.0357144
org/jfree/data/time/,Minute.java,8,481,60.125,32,1.8789062
org/jfree/data/flow/,DefaultFlowDataset.java,17,354,20.82353,32,0.6507353
org/jfree/data/category/,CategoryDataset.java,6,59,9.833333,4,2.4583333
org/jfree/data/time/,TimePeriod.java,6,51,8.5,4,2.125
org/jfree/data/general/,SeriesChangeEvent.java,4,56,14.0,4,3.5
org/jfree/data/time/,TimePeriodFormatException.java,6,43,7.1666665,4,1.7916666
org/jfree/data/time/,Hour.java,8,472,59.0,34,1.7352941
org/jfree/data/category/,DefaultIntervalCategoryDataset.java,12,790,65.833336,64,1.0286459
org/jfree/data/xy/,XYIntervalDataItem.java,56,78,1.3928572,14,0.0994898
org/jfree/data/category/,DefaultCategoryDataset.java,11,428,38.909092,19,2.047847
org/jfree/data/general/,KeyedValueDataset.java,4,43,10.75,4,2.6875
org/jfree/data/xy/,XIntervalDataItem.java,34,70,2.0588236,10,0.20588236
org/jfree/data/xy/,XYDataItem.java,5,233,46.6,14,3.3285713
org/jfree/data/statistics/,SimpleHistogramDataset.java,17,467,27.470589,31,0.88614804
org/jfree/data/general/,Dataset.java,5,52,10.4,7,1.4857142
org/jfree/data/resources/,DataPackageResources_de.java,7,58,8.285714,4,2.0714285
org/jfree/data/statistics/,DefaultStatisticalCategoryDataset.java,13,729,56.076923,46,1.2190635
org/jfree/data/general/,SeriesDataset.java,11,67,6.090909,5,1.2181818
org/jfree/data/xml/,DatasetReader.java,16,152,9.5,10,0.95
org/jfree/data/time/,SimpleTimePeriod.java,4,209,52.25,20,2.6125
org/jfree/data/xml/,KeyHandler.java,5,150,30.0,9,3.3333333
org/jfree/data/general/,PieDataset.java,5,44,8.8,4,2.2
org/jfree/data/general/,DefaultKeyedValuesDataset.java,3,45,15.0,4,3.75
org/jfree/data/gantt/,SlidingGanttCategoryDataset.java,9,644,71.55556,50,1.4311111
org/jfree/data/general/,AbstractSeriesDataset.java,5,101,20.2,6,3.3666668
org/jfree/data/xml/,ValueHandler.java,5,155,31.0,10,3.1
org/jfree/data/time/,DateRange.java,6,153,25.5,5,5.1
org/jfree/data/flow/,FlowKey.java,7,161,23.0,19,1.2105263
org/jfree/data/time/,Day.java,12,459,38.25,25,1.53
org/jfree/data/xy/,YInterval.java,3,117,39.0,9,4.3333335
org/jfree/data/xy/,DefaultHighLowDataset.java,7,419,59.857143,20,2.9928572
org/jfree/data/statistics/,HistogramBin.java,3,166,55.333332,8,6.9166665
org/jfree/data/xy/,VectorSeriesCollection.java,12,313,26.083334,18,1.4490741
org/jfree/data/xy/,YIntervalSeriesCollection.java,12,330,27.5,13,2.1153846
org/jfree/data/category/,CategoryToPieDataset.java,11,308,28.0,37,0.7567568
org/jfree/data/function/,PowerFunction2D.java,4,125,31.25,9,3.4722223
org/jfree/data/general/,DefaultPieDataset.java,13,335,25.76923,33,0.78088576
org/jfree/data/xml/,CategoryDatasetHandler.java,7,124,17.714285,9,1.9682539
org/jfree/data/xy/,WindDataset.java,5,62,12.4,4,3.1
org/jfree/data/statistics/,DefaultBoxAndWhiskerCategoryDataset.java,12,918,76.5,42,1.8214285
org/jfree/data/time/,Year.java,9,390,43.333332,26,1.6666666
org/jfree/data/time/,TimeSeries.java,21,1220,58.095238,149,0.38990092
org/jfree/data/xy/,VectorSeries.java,44,118,2.6818182,13,0.20629372
org/jfree/data/general/,DefaultKeyedValues2DDataset.java,6,53,8.833333,4,2.2083333
org/jfree/data/statistics/,BoxAndWhiskerCalculator.java,110,89,0.8090909,27,0.02996633
org/jfree/data/resources/,DataPackageResources_ru.java,7,55,7.857143,4,1.9642857
org/jfree/data/xy/,MatrixSeries.java,5,217,43.4,18,2.411111
org/jfree/data/xy/,XYCoordinate.java,3,162,54.0,14,3.857143
org/jfree/data/gantt/,TaskSeries.java,9,187,20.777779,14,1.484127
org/jfree/data/xy/,IntervalXYZDataset.java,10,87,8.7,16,0.54375
org/jfree/data/resources/,DataPackageResources.java,7,58,8.285714,4,2.0714285
org/jfree/data/xy/,DefaultIntervalXYDataset.java,197,330,1.6751269,76,0.022041144
org/jfree/data/time/,RegularTimePeriod.java,110,251,2.2818182,35,0.06519481
org/jfree/data/function/,Function2D.java,4,50,12.5,4,3.125
org/jfree/data/gantt/,GanttCategoryDataset.java,15,145,9.666667,4,2.4166667
org/jfree/data/xy/,Vector.java,3,141,47.0,8,5.875
org/jfree/data/gantt/,TaskSeriesCollection.java,15,665,44.333332,26,1.7051282
org/jfree/data/xml/,RootHandler.java,5,116,23.2,8,2.9
org/jfree/data/json/,package-info.java,1,3,3.0,1,3.0
org/jfree/data/general/,DatasetChangeListener.java,5,52,10.4,6,1.7333332
org/jfree/data/time/,TimeSeriesDataItem.java,6,196,32.666668,8,4.0833335
org/jfree/data/xy/,IntervalXYDataset.java,11,126,11.454545,20,0.57272726
org/jfree/data/time/,TimePeriodValues.java,10,456,45.6,34,1.3411764
org/jfree/data/time/,TimeTableXYDataset.java,21,576,27.428572,44,0.6233766
org/jfree/data/statistics/,HistogramType.java,2,53,26.5,4,6.625
org/jfree/data/xy/,DefaultWindDataset.java,10,412,41.2,37,1.1135136
org/jfree/data/xy/,DefaultOHLCDataset.java,6,336,56.0,15,3.7333333
org/jfree/data/xy/,DefaultXYZDataset.java,158,246,1.556962,52,0.029941577
org/jfree/data/xy/,IntervalXYDelegate.java,13,451,34.692307,30,1.1564102
org/jfree/data/gantt/,Task.java,10,240,24.0,11,2.1818182
org/jfree/data/json/,JSONUtils.java,102,85,0.8333333,17,0.049019605
org/jfree/data/general/,SeriesChangeListener.java,5,49,9.8,5,1.96
org/jfree/data/statistics/,BoxAndWhiskerXYDataset.java,17,148,8.705882,18,0.4836601
org/jfree/data/flow/,FlowDatasetUtils.java,93,105,1.1290323,23,0.04908836
org/jfree/data/general/,HeatMapDataset.java,13,128,9.846154,7,1.4065934
org/jfree/data/function/,LineFunction2D.java,4,124,31.0,9,3.4444444
org/jfree/data/xy/,TableXYDataset.java,4,53,13.25,4,3.3125
org/jfree/data/function/,NormalDistributionFunction2D.java,4,135,33.75,8,4.21875
org/jfree/data/general/,WaferMapDataset.java,6,295,49.166668,15,3.277778
org/jfree/data/xy/,DefaultXYDataset.java,148,213,1.4391892,46,0.03128672
org/jfree/data/time/,Second.java,8,448,56.0,36,1.5555556
org/jfree/data/time/ohlc/,OHLC.java,4,151,37.75,10,3.775
org/jfree/data/time/ohlc/,OHLCItem.java,51,78,1.5294118,12,0.12745099
org/jfree/data/time/ohlc/,OHLCSeries.java,38,89,2.3421052,9,0.2602339
org/jfree/data/time/ohlc/,OHLCSeriesCollection.java,15,473,31.533333,25,1.2613333
org/jfree/data/json/impl/,JSONArray.java,72,72,1.0,18,0.055555556
org/jfree/data/json/impl/,package-info.java,1,3,3.0,1,3.0
org/jfree/data/json/impl/,JSONAware.java,4,37,9.25,2,4.625
org/jfree/data/json/impl/,JSONStreamAware.java,6,40,6.6666665,3,2.222222
org/jfree/data/json/impl/,JSONObject.java,85,90,1.0588236,18,0.058823533
org/jfree/data/json/impl/,JSONValue.java,156,159,1.0192307,38,0.026821861
org/jfree/chart/entity/,EntityCollection.java,13,82,6.3076925,6,1.051282
org/jfree/chart/annotations/,XYTitleAnnotation.java,27,359,13.296296,30,0.44320986
org/jfree/chart/internal/,Args.java,34,80,2.3529413,16,0.14705883
org/jfree/chart/annotations/,XYAnnotationBoundsInfo.java,7,57,8.142858,4,2.0357144
org/jfree/chart/urls/,PieURLGenerator.java,5,59,11.8,7,1.6857144
org/jfree/chart/annotations/,package-info.java,1,3,3.0,1,3.0
org/jfree/chart/urls/,CustomCategoryURLGenerator.java,8,182,22.75,19,1.1973684
org/jfree/chart/legend/,LegendItemCollection.java,9,144,16.0,8,2.0
org/jfree/chart/util/,DefaultShadowGenerator.java,10,311,31.1,15,2.0733333
org/jfree/chart/axis/,DateTickUnitType.java,3,81,27.0,4,6.75
org/jfree/chart/axis/,NumberTickUnit.java,5,143,28.6,8,3.575
org/jfree/chart/axis/,MonthDateFormat.java,15,228,15.2,17,0.89411765
org/jfree/chart/plot/,Zoomable.java,18,133,7.388889,16,0.46180555
org/jfree/chart/annotations/,XYImageAnnotation.java,22,270,12.272727,21,0.58441556
org/jfree/chart/urls/,XYZURLGenerator.java,5,56,11.2,5,2.24
org/jfree/chart/entity/,PlotEntity.java,11,191,17.363636,14,1.2402598
org/jfree/chart/entity/,FlowEntity.java,38,66,1.7368422,8,0.21710527
org/jfree/chart/renderer/,AreaRendererEndType.java,6,52,8.666667,4,2.1666667
org/jfree/chart/block/,BlockBorder.java,14,215,15.357142,18,0.85317457
org/jfree/chart/labels/,XYSeriesLabelGenerator.java,5,52,10.4,6,1.7333332
org/jfree/chart/annotations/,XYPolygonAnnotation.java,27,318,11.777778,25,0.47111112
org/jfree/chart/labels/,CategoryItemLabelGenerator.java,7,70,10.0,7,1.4285715
org/jfree/chart/annotations/,AbstractXYAnnotation.java,12,185,15.416667,14,1.1011904
org/jfree/chart/api/,RectangleInsets.java,5,515,103.0,31,3.3225806
org/jfree/chart/text/,TextLine.java,10,229,22.9,12,1.9083333
org/jfree/chart/plot/,CategoryPlot.java,73,4825,66.095894,435,0.15194458
org/jfree/chart/swing/,ChartMouseListener.java,7,52,7.428571,7,1.0612245
org/jfree/chart/entity/,CategoryItemEntity.java,8,181,22.625,11,2.0568182
org/jfree/chart/renderer/,RendererState.java,5,105,21.0,8,2.625
org/jfree/chart/entity/,XYAnnotationEntity.java,4,103,25.75,8,3.21875
org/jfree/chart/block/,Arrangement.java,7,61,8.714286,6,1.452381
org/jfree/chart/text/,TextFragment.java,16,275,17.1875,19,0.90460527
org/jfree/chart/plot/,CategoryCrosshairState.java,64,93,1.453125,11,0.13210227
org/jfree/chart/annotations/,XYDrawableAnnotation.java,17,275,16.17647,17,0.95155704
org/jfree/chart/labels/,IntervalXYToolTipGenerator.java,11,246,22.363636,27,0.82828283
org/jfree/chart/plot/,PlotRenderingInfo.java,15,269,17.933332,19,0.9438596
org/jfree/chart/entity/,AxisEntity.java,11,192,17.454546,14,1.2467533
org/jfree/chart/labels/,FlowLabelGenerator.java,6,48,8.0,5,1.6
org/jfree/chart/internal/,package-info.java,1,3,3.0,1,3.0
org/jfree/chart/legend/,LegendTitle.java,39,634,16.25641,48,0.33867523
org/jfree/chart/annotations/,XYBoxAnnotation.java,24,347,14.458333,23,0.6286232
org/jfree/chart/legend/,package-info.java,1,3,3.0,1,3.0
org/jfree/chart/util/,StringUtils.java,25,62,2.48,8,0.31
org/jfree/chart/api/,RectangleAnchor.java,6,157,26.166666,6,4.361111
org/jfree/chart/internal/,PaintUtils.java,117,84,0.71794873,24,0.02991453
org/jfree/chart/axis/,SymbolAxis.java,28,710,25.357143,74,0.3426641
org/jfree/chart/event/,ChartChangeEventType.java,2,48,24.0,4,6.0
org/jfree/chart/axis/,CyclicNumberAxis.java,26,1135,43.653847,105,0.41575092
org/jfree/chart/labels/,ItemLabelPosition.java,6,179,29.833334,10,2.9833333
org/jfree/chart/block/,EntityBlockResult.java,5,48,9.6,4,2.4
org/jfree/chart/axis/,TickUnits.java,7,200,28.571428,14,2.0408163
org/jfree/chart/event/,ChartProgressEventType.java,2,44,22.0,4,5.5
org/jfree/chart/imagemap/,ToolTipTagFragmentGenerator.java,4,57,14.25,4,3.5625
org/jfree/chart/labels/,CustomXYToolTipGenerator.java,8,172,21.5,15,1.4333333
org/jfree/chart/axis/,ModuloAxis.java,215,187,0.8697674,44,0.01976744
org/jfree/chart/labels/,StandardCategorySeriesLabelGenerator.java,9,145,16.11111,9,1.7901235
org/jfree/chart/internal/,CloneUtils.java,89,85,0.9550562,24,0.03979401
org/jfree/chart/axis/,LogarithmicAxis.java,12,1017,84.75,146,0.58047944
org/jfree/chart/annotations/,CategoryPointerAnnotation.java,29,500,17.241379,20,0.86206895
org/jfree/chart/util/,ShadowGenerator.java,7,61,8.714286,5,1.7428572
org/jfree/chart/swing/,ChartMouseEvent.java,7,97,13.857142,7,1.9795917
org/jfree/chart/labels/,StandardPieToolTipGenerator.java,9,129,14.333333,7,2.047619
org/jfree/chart/plot/,XYPlot.java,42,5346,127.28571,516,0.24667774
org/jfree/chart/axis/,ExtendedCategoryAxis.java,19,226,11.894737,20,0.5947369
org/jfree/chart/block/,Block.java,13,88,6.769231,5,1.3538462
org/jfree/chart/axis/,AxisCollection.java,6,131,21.833334,8,2.7291667
org/jfree/chart/axis/,CategoryTick.java,6,136,22.666666,9,2.5185184
org/jfree/chart/plot/,Pannable.java,11,69,6.2727275,10,0.6272727
org/jfree/chart/entity/,ChartEntity.java,16,380,23.75,31,0.766129
org/jfree/chart/entity/,TitleEntity.java,11,191,17.363636,14,1.2402598
org/jfree/chart/labels/,PieToolTipGenerator.java,5,49,9.8,5,1.96
org/jfree/chart/entity/,TickLabelEntity.java,5,54,10.8,4,2.7
org/jfree/chart/swing/,DefaultSelectionZoomStrategy.java,13,250,19.23077,19,1.0121458
org/jfree/chart/api/,RectangleAlignment.java,4,138,34.5,5,6.9
org/jfree/chart/plot/,CrosshairState.java,4,349,87.25,19,4.5921054
org/jfree/chart/renderer/,GrayPaintScale.java,8,209,26.125,22,1.1875
org/jfree/chart/util/,package-info.java,1,3,3.0,1,3.0
org/jfree/chart/block/,LabelBlock.java,24,392,16.333334,23,0.71014494
org/jfree/chart/block/,ColorBlock.java,12,174,14.5,11,1.3181819
org/jfree/chart/entity/,package-info.java,1,3,3.0,1,3.0
org/jfree/chart/annotations/,XYAnnotation.java,11,53,4.818182,5,0.9636364
org/jfree/chart/imagemap/,StandardURLTagFragmentGenerator.java,11,55,5.0,4,1.25
org/jfree/chart/imagemap/,StandardToolTipTagFragmentGenerator.java,12,53,4.4166665,4,1.1041666
org/jfree/chart/labels/,StandardCategoryItemLabelGenerator.java,10,131,13.1,10,1.3100001
org/jfree/chart/util/,PaintAlpha.java,79,295,3.734177,18,0.20745428
org/jfree/chart/swing/,ApplicationFrame.java,35,79,2.2571428,7,0.32244897
org/jfree/chart/axis/,Axis.java,42,1634,38.904762,108,0.36022928
org/jfree/chart/util/,StandardGradientPaintTransformer.java,9,159,17.666666,15,1.1777778
org/jfree/chart/labels/,AbstractPieItemLabelGenerator.java,9,219,24.333334,17,1.4313726
org/jfree/chart/plot/,SpiderWebPlot.java,28,1421,50.75,87,0.5833333
org/jfree/chart/internal/,ShapeUtils.java,121,383,3.1652892,39,0.08116126
org/jfree/chart/swing/,MouseWheelHandler.java,12,135,11.25,17,0.6617647
org/jfree/chart/swing/,Overlay.java,7,71,10.142858,6,1.6904763
org/jfree/chart/labels/,StandardCrosshairLabelGenerator.java,8,138,17.25,9,1.9166666
org/jfree/chart/entity/,XYItemEntity.java,4,162,40.5,8,5.0625
org/jfree/chart/text/,G2TextMeasurer.java,5,62,12.4,4,3.1
org/jfree/chart/plot/,ThermometerPlot.java,41,1572,38.341465,96,0.39939025
org/jfree/chart/urls/,StandardXYURLGenerator.java,6,146,24.333334,10,2.4333334
org/jfree/chart/labels/,CategoryToolTipGenerator.java,5,56,11.2,4,2.8
org/jfree/chart/swing/,UIUtils.java,85,96,1.1294118,15,0.07529412
org/jfree/chart/labels/,PieSectionLabelGenerator.java,11,74,6.7272725,6,1.1212121
org/jfree/chart/axis/,package-info.java,1,3,3.0,1,3.0
org/jfree/chart/text/,TextBox.java,18,400,22.222221,22,1.010101
org/jfree/chart/title/,CompositeTitle.java,18,221,12.277778,15,0.8185185
org/jfree/chart/date/,MonthConstants.java,2,76,38.0,4,9.5
org/jfree/chart/axis/,ValueTick.java,3,130,43.333332,8,5.4166665
org/jfree/chart/encoders/,package-info.java,1,3,3.0,2,1.5
org/jfree/chart/plot/,DefaultDrawingSupplier.java,20,508,25.4,24,1.0583333
org/jfree/chart/encoders/,SunPNGEncoderAdapter.java,36,81,2.25,7,0.32142857
org/jfree/chart/plot/,CombinedRangeCategoryPlot.java,26,537,20.653847,48,0.43028846
org/jfree/chart/labels/,XYToolTipGenerator.java,5,48,9.6,5,1.9200001
org/jfree/chart/date/,package-info.java,1,3,3.0,1,3.0
org/jfree/chart/axis/,CategoryLabelPosition.java,7,244,34.857143,12,2.904762
org/jfree/chart/axis/,CompassFormat.java,6,142,23.666666,11,2.151515
org/jfree/chart/swing/,PolarChartPanel.java,9,221,24.555555,19,1.2923976
org/jfree/chart/axis/,StandardTickUnitSource.java,4,122,30.5,7,4.357143
org/jfree/chart/labels/,BubbleXYItemLabelGenerator.java,14,248,17.714285,21,0.8435374
org/jfree/chart/api/,Rotation.java,2,70,35.0,4,8.75
org/jfree/chart/swing/,OverlayChangeListener.java,5,43,8.6,5,1.72
org/jfree/chart/block/,AbstractBlock.java,15,616,41.066666,43,0.9550387
org/jfree/chart/block/,BlockResult.java,3,73,24.333334,4,6.0833335
org/jfree/chart/block/,LengthConstraintType.java,2,53,26.5,4,6.625
org/jfree/chart/labels/,IntervalCategoryItemLabelGenerator.java,11,118,10.727273,11,0.9752066
org/jfree/chart/text/,TextUtils.java,393,307,0.7811705,75,0.010415606
org/jfree/chart/event/,AxisChangeEvent.java,3,62,20.666666,4,5.1666665
org/jfree/chart/event/,ChartChangeListener.java,5,47,9.4,6,1.5666666
org/jfree/chart/plot/,CombinedRangeXYPlot.java,25,682,27.28,61,0.4472131
org/jfree/chart/axis/,DateTickMarkPosition.java,2,54,27.0,4,6.75
org/jfree/chart/annotations/,CategoryTextAnnotation.java,19,246,12.947369,13,0.9959514
org/jfree/chart/annotations/,XYTextAnnotation.java,29,610,21.034483,28,0.75123155
org/jfree/chart/axis/,TickUnitSource.java,6,68,11.333333,7,1.6190475
org/jfree/chart/block/,Size2D.java,4,158,39.5,10,3.95
org/jfree/chart/text/,TextBlock.java,15,288,19.2,21,0.9142858
org/jfree/chart/title/,ImageTitle.java,13,346,26.615385,24,1.1089743
org/jfree/chart/renderer/,LookupPaintScale.java,16,358,22.375,38,0.5888158
org/jfree/chart/labels/,AbstractXYItemLabelGenerator.java,11,333,30.272728,27,1.1212121
org/jfree/chart/date/,SpreadsheetDate.java,4,443,110.75,56,1.9776785
org/jfree/chart/imagemap/,OverLIBToolTipTagFragmentGenerator.java,13,56,4.3076925,4,1.0769231
org/jfree/chart/labels/,StandardXYZToolTipGenerator.java,11,241,21.90909,19,1.15311
org/jfree/chart/event/,ChartProgressListener.java,5,44,8.8,6,1.4666667
org/jfree/chart/urls/,package-info.java,1,3,3.0,1,3.0
org/jfree/chart/labels/,StandardXYToolTipGenerator.java,9,183,20.333334,11,1.8484849
org/jfree/chart/annotations/,XYLineAnnotation.java,27,327,12.111111,22,0.55050504
org/jfree/chart/plot/,CombinedDomainCategoryPlot.java,25,640,25.6,59,0.4338983
org/jfree/chart/labels/,SymbolicXYItemLabelGenerator.java,11,152,13.818182,15,0.92121214
org/jfree/chart/event/,ChartProgressEvent.java,4,121,30.25,4,7.5625
org/jfree/chart/block/,LineBorder.java,19,209,11.0,19,0.57894737
org/jfree/chart/urls/,CustomXYURLGenerator.java,8,198,24.75,18,1.375
org/jfree/chart/axis/,ValueAxis.java,24,1643,68.458336,147,0.46570295
org/jfree/chart/urls/,TimeSeriesURLGenerator.java,9,190,21.11111,13,1.6239316
org/jfree/chart/api/,LengthAdjustmentType.java,2,48,24.0,4,6.0
org/jfree/chart/plot/,SeriesRenderingOrder.java,5,53,10.6,4,2.65
org/jfree/chart/event/,AnnotationChangeListener.java,6,44,7.3333335,6,1.2222222
org/jfree/chart/plot/,PlotState.java,6,58,9.666667,4,2.4166667
org/jfree/chart/swing/,package-info.java,1,3,3.0,1,3.0
org/jfree/chart/date/,SerialDate.java,8,970,121.25,93,1.3037634
org/jfree/chart/internal/,SerialUtils.java,418,221,0.52870816,82,0.0064476603
org/jfree/chart/labels/,StandardPieSectionLabelGenerator.java,17,228,13.411765,14,0.9579832
org/jfree/chart/plot/,PolarPlot.java,59,1950,33.050846,166,0.19910148
org/jfree/chart/renderer/,Outlier.java,4,204,51.0,14,3.642857
org/jfree/chart/renderer/,PaintScale.java,8,65,8.125,5,1.625
org/jfree/chart/labels/,ItemLabelAnchor.java,2,115,57.5,4,14.375
org/jfree/chart/block/,BlockFrame.java,9,51,5.6666665,4,1.4166666
org/jfree/chart/event/,ChartChangeEvent.java,5,119,23.8,4,5.95
org/jfree/chart/block/,package-info.java,1,3,3.0,1,3.0
org/jfree/chart/labels/,StandardXYItemLabelGenerator.java,9,180,20.0,12,1.6666666
org/jfree/chart/encoders/,ImageFormat.java,2,53,26.5,6,4.4166665
org/jfree/chart/plot/,MeterPlot.java,40,1257,31.425,75,0.419
org/jfree/chart/axis/,LogAxis.java,25,1009,40.36,88,0.45863637
org/jfree/chart/labels/,package-info.java,1,3,3.0,1,3.0
org/jfree/chart/axis/,CategoryLabelWidthType.java,2,45,22.5,4,5.625
org/jfree/chart/axis/,PeriodAxis.java,41,1140,27.804878,98,0.28372324
org/jfree/chart/labels/,HighLowItemLabelGenerator.java,11,197,17.90909,21,0.85281384
org/jfree/chart/urls/,CategoryURLGenerator.java,6,67,11.166667,5,2.2333333
org/jfree/chart/axis/,TickType.java,2,44,22.0,4,5.5
org/jfree/chart/legend/,LegendItemBlockContainer.java,16,166,10.375,7,1.4821428
org/jfree/chart/entity/,LegendItemEntity.java,7,159,22.714285,12,1.8928571
org/jfree/chart/imagemap/,URLTagFragmentGenerator.java,8,54,6.75,4,1.6875
org/jfree/chart/api/,VerticalAlignment.java,2,50,25.0,4,6.25
org/jfree/chart/block/,BlockContainer.java,14,258,18.428572,21,0.877551
org/jfree/chart/entity/,NodeEntity.java,23,65,2.826087,4,0.70652175
org/jfree/chart/plot/,DrawingSupplier.java,12,76,6.3333335,4,1.5833334
org/jfree/chart/renderer/,package-info.java,1,3,3.0,1,3.0
org/jfree/chart/text/,TextAnchor.java,2,166,83.0,12,6.9166665
org/jfree/chart/block/,CenterArrangement.java,6,315,52.5,32,1.640625
org/jfree/chart/imagemap/,package-info.java,1,3,3.0,1,3.0
org/jfree/chart/axis/,AxisLabelLocation.java,2,47,23.5,4,5.875
org/jfree/chart/annotations/,TextAnnotation.java,16,329,20.5625,16,1.2851562
org/jfree/chart/swing/,NumberCellRenderer.java,30,48,1.6,9,0.17777778
org/jfree/chart/legend/,LegendRenderingOrder.java,2,45,22.5,4,5.625
org/jfree/chart/renderer/,RendererUtils.java,153,94,0.6143791,42,0.014628074
org/jfree/chart/api/,SortOrder.java,2,44,22.0,4,5.5
org/jfree/chart/axis/,NumberTickUnitSource.java,9,218,24.222221,31,0.781362
org/jfree/chart/labels/,IntervalXYItemLabelGenerator.java,12,254,21.166666,27,0.78395057
org/jfree/chart/api/,HorizontalAlignment.java,2,49,24.5,4,6.125
org/jfree/chart/event/,PlotChangeEvent.java,3,64,21.333334,4,5.3333335
org/jfree/chart/urls/,StandardCategoryURLGenerator.java,9,184,20.444445,10,2.0444446
org/jfree/chart/legend/,LegendGraphic.java,28,712,25.428572,42,0.60544217
org/jfree/chart/labels/,CrosshairLabelGenerator.java,5,45,9.0,4,2.25
org/jfree/chart/title/,Title.java,22,410,18.636364,40,0.4659091
org/jfree/chart/event/,MarkerChangeListener.java,6,44,7.3333335,6,1.2222222
org/jfree/chart/text/,TextMeasurer.java,4,40,10.0,4,2.5
org/jfree/chart/plot/,FastScatterPlot.java,36,1043,28.972221,72,0.40239197
org/jfree/chart/swing/,AbstractOverlay.java,6,102,17.0,10,1.7
org/jfree/chart/labels/,IntervalCategoryToolTipGenerator.java,7,143,20.428572,13,1.5714285
org/jfree/chart/urls/,StandardPieURLGenerator.java,8,152,19.0,13,1.4615384
org/jfree/chart/plot/,DialShape.java,2,49,24.5,4,6.125
org/jfree/chart/entity/,CategoryLabelEntity.java,6,116,19.333334,7,2.761905
org/jfree/chart/block/,EmptyBlock.java,7,110,15.714286,7,2.244898
org/jfree/chart/labels/,StandardXYSeriesLabelGenerator.java,9,152,16.88889,9,1.8765433
org/jfree/chart/annotations/,CategoryAnnotation.java,10,50,5.0,5,1.0
org/jfree/chart/annotations/,XYPointerAnnotation.java,29,514,17.724138,22,0.80564266
org/jfree/chart/plot/,Plot.java,57,1382,24.245613,142,0.17074375
org/jfree/chart/api/,package-info.java,1,3,3.0,1,3.0
org/jfree/chart/urls/,StandardXYZURLGenerator.java,9,51,5.6666665,4,1.4166666
org/jfree/chart/plot/,ValueMarker.java,5,136,27.2,11,2.4727273
org/jfree/chart/title/,TextTitle.java,36,816,22.666666,92,0.2463768
org/jfree/chart/annotations/,XYDataImageAnnotation.java,20,339,16.95,25,0.67800003
org/jfree/chart/text/,TextBlockAnchor.java,2,62,31.0,4,7.75
org/jfree/chart/plot/,PlotOrientation.java,2,67,33.5,6,5.5833335
org/jfree/chart/axis/,NumberAxis.java,24,1104,46.0,113,0.40707964
org/jfree/chart/swing/,SelectionZoomStrategy.java,24,137,5.7083335,10,0.5708333
org/jfree/chart/annotations/,Annotation.java,7,50,7.142857,7,1.0204082
org/jfree/chart/plot/,CategoryMarker.java,11,174,15.818182,12,1.3181819
org/jfree/chart/util/,GradientPaintTransformType.java,2,42,21.0,4,5.25
org/jfree/chart/axis/,QuarterDateFormat.java,14,178,12.714286,13,0.978022
org/jfree/chart/urls/,CustomPieURLGenerator.java,14,206,14.714286,18,0.8174603
org/jfree/chart/entity/,StandardEntityCollection.java,12,192,16.0,12,1.3333334
org/jfree/chart/plot/,CombinedDomainXYPlot.java,27,722,26.74074,67,0.39911553
org/jfree/chart/renderer/,DefaultPolarItemRenderer.java,42,863,20.547619,77,0.2668522
org/jfree/chart/labels/,StandardCategoryToolTipGenerator.java,8,119,14.875,8,1.859375
org/jfree/chart/axis/,CategoryAxis.java,36,1362,37.833332,105,0.36031744
org/jfree/chart/plot/,XYCrosshairState.java,6,46,7.6666665,4,1.9166666
org/jfree/chart/axis/,TickUnit.java,3,177,59.0,17,3.4705882
org/jfree/chart/renderer/,AbstractRenderer.java,42,3011,71.690475,268,0.26750177
org/jfree/chart/renderer/,PolarItemRenderer.java,35,147,4.2,4,1.05
org/jfree/chart/labels/,BoxAndWhiskerToolTipGenerator.java,11,128,11.636364,8,1.4545455
org/jfree/chart/plot/,Marker.java,23,639,27.782608,49,0.566992
org/jfree/chart/event/,package-info.java,1,5,5.0,2,2.5
org/jfree/chart/event/,RendererChangeEvent.java,2,91,45.5,5,9.1
org/jfree/chart/block/,GridArrangement.java,6,432,72.0,43,1.6744186
org/jfree/chart/entity/,PieSectionEntity.java,8,222,27.75,10,2.775
org/jfree/chart/api/,TableOrder.java,2,45,22.5,4,5.625
org/jfree/chart/api/,RectangleEdge.java,3,112,37.333332,7,5.333333
org/jfree/chart/swing/,ChartPanel.java,78,2994,38.384617,333,0.11526912
org/jfree/chart/swing/,OverlayChangeEvent.java,7,44,6.285714,4,1.5714285
org/jfree/chart/axis/,SubCategoryAxis.java,20,407,20.35,41,0.49634147
org/jfree/chart/event/,MarkerChangeEvent.java,3,63,21.0,4,5.25
org/jfree/chart/legend/,LegendItemSource.java,5,45,9.0,4,2.25
org/jfree/chart/imagemap/,ImageMapUtils.java,123,116,0.9430894,29,0.032520324
org/jfree/chart/swing/,CrosshairOverlay.java,29,564,19.448277,69,0.28185907
org/jfree/chart/legend/,LegendItem.java,27,1052,38.962963,39,0.9990503
org/jfree/chart/title/,package-info.java,1,3,3.0,1,3.0
org/jfree/chart/labels/,AbstractCategoryItemLabelGenerator.java,13,295,22.692308,22,1.0314685
org/jfree/chart/util/,DirectionalGradientPaintTransformer.java,48,77,1.6041666,8,0.20052083
org/jfree/chart/annotations/,CategoryLineAnnotation.java,29,390,13.448276,18,0.7471264
org/jfree/chart/axis/,CategoryAnchor.java,2,49,24.5,4,6.125
org/jfree/chart/event/,RendererChangeListener.java,5,44,8.8,6,1.4666667
org/jfree/chart/renderer/,NotOutlierException.java,6,51,8.5,4,2.125
org/jfree/chart/event/,AxisChangeListener.java,5,50,10.0,8,1.25
org/jfree/chart/axis/,Tick.java,6,163,27.166666,11,2.469697
org/jfree/chart/renderer/,OutlierListCollection.java,5,163,32.6,10,3.2599998
org/jfree/chart/axis/,MarkerAxisBand.java,11,253,23.0,14,1.6428572
org/jfree/chart/event/,PlotChangeListener.java,5,45,9.0,6,1.5
org/jfree/chart/encoders/,EncoderUtil.java,53,125,2.3584905,20,0.11792453
org/jfree/chart/block/,FlowArrangement.java,9,429,47.666668,47,1.0141845
org/jfree/chart/title/,ShortTextTitle.java,119,104,0.8739496,26,0.033613447
org/jfree/chart/block/,BlockParams.java,30,95,3.1666667,4,0.7916667
org/jfree/chart/api/,Layer.java,2,37,18.5,4,4.625
org/jfree/chart/event/,TitleChangeListener.java,5,45,9.0,6,1.5
org/jfree/chart/axis/,DateAxis.java,31,1785,57.580647,164,0.35110152
org/jfree/chart/plot/,ValueAxisPlot.java,6,47,7.8333335,5,1.5666667
org/jfree/chart/labels/,MultipleXYSeriesLabelGenerator.java,13,213,16.384615,16,1.0240384
org/jfree/chart/internal/,HashUtils.java,65,127,1.9538461,8,0.24423076
org/jfree/chart/imagemap/,DynamicDriveToolTipTagFragmentGenerator.java,3,88,29.333334,5,5.866667
org/jfree/chart/plot/,PolarAxisLocation.java,2,68,34.0,4,8.5
org/jfree/chart/labels/,XYItemLabelGenerator.java,5,49,9.8,5,1.96
org/jfree/chart/labels/,XYZToolTipGenerator.java,5,48,9.6,4,2.4
org/jfree/chart/axis/,PeriodAxisLabelInfo.java,20,330,16.5,20,0.825
org/jfree/chart/plot/,CenterTextMode.java,2,48,24.0,4,6.0
org/jfree/chart/block/,BorderArrangement.java,8,528,66.0,77,0.85714287
org/jfree/chart/plot/,Crosshair.java,22,708,32.18182,29,1.109718
org/jfree/chart/event/,TitleChangeEvent.java,3,61,20.333334,4,5.0833335
org/jfree/chart/entity/,JFreeChartEntity.java,11,191,17.363636,14,1.2402598
org/jfree/chart/swing/,ChartFrame.java,6,81,13.5,7,1.9285715
org/jfree/chart/annotations/,XYShapeAnnotation.java,27,266,9.851851,21,0.4691358
org/jfree/chart/axis/,DateTickUnit.java,9,334,37.11111,23,1.6135266
org/jfree/chart/axis/,CategoryLabelPositions.java,8,388,48.5,22,2.2045455
org/jfree/chart/plot/,IntervalMarker.java,11,202,18.363636,14,1.3116883
org/jfree/chart/util/,ExportUtils.java,112,99,0.8839286,17,0.0519958
org/jfree/chart/encoders/,ImageEncoderFactory.java,4,147,36.75,16,2.296875
org/jfree/chart/plot/,RingPlot.java,27,653,24.185184,42,0.57583773
org/jfree/chart/labels/,BoxAndWhiskerXYToolTipGenerator.java,10,141,14.1,10,1.4100001
org/jfree/chart/axis/,DateTick.java,6,120,20.0,7,2.857143
org/jfree/chart/axis/,LogTick.java,4,70,17.5,5,3.5
org/jfree/chart/block/,ColumnArrangement.java,9,371,41.22222,42,0.98148143
org/jfree/chart/legend/,PaintScaleLegend.java,31,677,21.838709,60,0.36397848
org/jfree/chart/encoders/,ImageEncoder.java,13,82,6.3076925,7,0.9010989
org/jfree/chart/api/,XYCoordinateType.java,2,54,27.0,4,6.75
org/jfree/chart/api/,UnitType.java,2,44,22.0,4,5.5
org/jfree/chart/axis/,Timeline.java,11,122,11.090909,17,0.6524064
org/jfree/chart/block/,RectangleConstraint.java,7,338,48.285713,20,2.4142857
org/jfree/chart/renderer/,OutlierList.java,5,164,32.8,9,3.6444445
org/jfree/chart/encoders/,SunJPEGEncoderAdapter.java,13,151,11.615385,10,1.1615385
org/jfree/chart/plot/,MeterInterval.java,15,199,13.266666,14,0.947619
org/jfree/chart/util/,GradientPaintTransformer.java,6,41,6.8333335,4,1.7083334
org/jfree/chart/title/,DateTitle.java,13,147,11.307693,6,1.8846154
org/jfree/chart/event/,AnnotationChangeEvent.java,4,65,16.25,4,4.0625
org/jfree/chart/util/,AttrStringUtils.java,182,117,0.64285713,23,0.027950311
org/jfree/chart/urls/,XYURLGenerator.java,5,61,12.2,5,2.44
org/jfree/chart/axis/,AxisSpace.java,7,359,51.285713,32,1.6026785
org/jfree/chart/text/,AttributedStringUtils.java,43,45,1.0465117,12,0.08720931
org/jfree/chart/internal/,LineUtils.java,84,68,0.8095238,22,0.036796536
org/jfree/chart/plot/,package-info.java,1,3,3.0,1,3.0
org/jfree/chart/api/,PublicCloneable.java,5,48,9.6,5,1.9200001
org/jfree/chart/plot/,DatasetRenderingOrder.java,5,55,11.0,4,2.75
org/jfree/chart/axis/,AxisState.java,6,184,30.666666,10,3.0666666
org/jfree/chart/renderer/,WaferMapRenderer.java,17,356,20.941177,26,0.8054299
org/jfree/chart/annotations/,AbstractAnnotation.java,13,200,15.384615,29,0.530504
org/jfree/chart/labels/,StandardFlowLabelGenerator.java,8,116,14.5,8,1.8125
org/jfree/chart/text/,package-info.java,1,3,3.0,1,3.0
org/jfree/chart/internal/,ArrayUtils.java,106,82,0.7735849,25,0.030943396
org/jfree/chart/axis/,AxisLocation.java,3,84,28.0,4,7.0
org/jfree/chart/plot/,WaferMapPlot.java,24,404,16.833334,31,0.5430108
org/jfree/chart/labels/,CategorySeriesLabelGenerator.java,5,51,10.2,6,1.6999999
org/jfree/chart/axis/,NumberTick.java,3,87,29.0,4,7.25
org/jfree/chart/block/,EntityBlockParams.java,4,50,12.5,4,3.125
org/jfree/chart/text/format/,RelativeDateFormat.java,10,536,53.6,28,1.9142857
org/jfree/chart/text/format/,HMSNumberFormat.java,32,74,2.3125,6,0.38541666
org/jfree/chart/text/format/,LogFormat.java,7,232,33.142857,15,2.2095237
org/jfree/chart/text/format/,package-info.java,1,3,3.0,1,3.0
org/jfree/chart/text/format/,HexNumberFormat.java,5,147,29.4,7,4.2
org/jfree/chart/renderer/category/,StatisticalLineAndShapeRenderer.java,29,429,14.793103,59,0.25073057
org/jfree/chart/renderer/category/,CategoryItemRenderer.java,170,1269,7.464706,123,0.060688667
org/jfree/chart/renderer/category/,StandardBarPainter.java,106,96,0.9056604,20,0.04528302
org/jfree/chart/renderer/category/,StatisticalBarRenderer.java,32,527,16.46875,62,0.265625
org/jfree/chart/renderer/category/,CategoryStepRenderer.java,27,323,11.962963,28,0.4272487
org/jfree/chart/renderer/xy/,CandlestickRenderer.java,33,861,26.09091,69,0.37812912
org/jfree/chart/renderer/xy/,XYBoxAndWhiskerRenderer.java,39,767,19.666666,72,0.27314815
org/jfree/chart/renderer/xy/,GradientXYBarPainter.java,12,355,29.583334,33,0.89646465
org/jfree/chart/renderer/category/,WaterfallBarRenderer.java,27,442,16.37037,42,0.38977075
org/jfree/chart/renderer/xy/,HighLowRenderer.java,28,454,16.214285,47,0.3449848
org/jfree/chart/renderer/category/,LevelRenderer.java,22,410,18.636364,32,0.5823864
org/jfree/chart/renderer/xy/,XYItemRenderer.java,169,1158,6.852071,94,0.07289437
org/jfree/chart/renderer/xy/,XYBlockRenderer.java,26,488,18.76923,48,0.39102563
org/jfree/chart/renderer/xy/,StandardXYBarPainter.java,106,96,0.9056604,20,0.04528302
org/jfree/chart/renderer/xy/,StandardXYItemRenderer.java,37,958,25.891891,90,0.2876877
org/jfree/chart/renderer/category/,StackedAreaRenderer.java,20,453,22.65,48,0.47187498
org/jfree/chart/renderer/xy/,XYDifferenceRenderer.java,35,1151,32.885715,122,0.26955503
org/jfree/chart/renderer/category/,LineAndShapeRenderer.java,23,820,35.652172,61,0.5844618
org/jfree/chart/renderer/xy/,package-info.java,1,3,3.0,1,3.0
org/jfree/chart/renderer/xy/,XYItemRendererState.java,37,145,3.9189188,4,0.9797297
org/jfree/chart/renderer/xy/,CyclicXYItemRenderer.java,16,458,28.625,38,0.75328946
org/jfree/chart/renderer/xy/,XYLineAndShapeRenderer.java,33,1145,34.696968,86,0.4034531
org/jfree/chart/renderer/category/,DefaultCategoryItemRenderer.java,5,49,9.8,4,2.45
org/jfree/chart/renderer/xy/,XYSplineRenderer.java,22,477,21.681818,36,0.60227275
org/jfree/chart/renderer/xy/,XYBubbleRenderer.java,20,313,15.65,33,0.47424242
org/jfree/chart/renderer/xy/,XYStepRenderer.java,23,316,13.73913,29,0.4737631
org/jfree/chart/renderer/category/,AreaRenderer.java,22,305,13.863636,31,0.44721407
org/jfree/chart/renderer/xy/,DeviationStepRenderer.java,173,109,0.6300578,33,0.01909266
org/jfree/chart/renderer/category/,AbstractCategoryItemRenderer.java,60,1601,26.683332,153,0.17440087
org/jfree/chart/renderer/category/,BoxAndWhiskerRenderer.java,39,1074,27.538462,97,0.28390166
org/jfree/chart/renderer/xy/,XYAreaRenderer.java,36,676,18.777779,73,0.25722983
org/jfree/chart/renderer/xy/,DefaultXYItemRenderer.java,4,50,12.5,4,3.125
org/jfree/chart/renderer/category/,BarRenderer.java,40,1262,31.55,113,0.27920353
org/jfree/chart/renderer/xy/,AbstractXYItemRenderer.java,62,1578,25.451612,134,0.18993741
org/jfree/chart/renderer/xy/,StackedXYAreaRenderer.java,36,629,17.472221,62,0.28181002
org/jfree/chart/renderer/xy/,ClusteredXYBarRenderer.java,21,333,15.857142,40,0.39642856
org/jfree/chart/renderer/xy/,XYBarRenderer.java,39,1140,29.23077,107,0.27318478
org/jfree/chart/renderer/xy/,WindItemRenderer.java,19,163,8.578947,5,1.7157894
org/jfree/chart/renderer/category/,GroupedStackedBarRenderer.java,20,333,16.65,40,0.41625
org/jfree/chart/renderer/category/,MinMaxCategoryRenderer.java,29,507,17.48276,35,0.49950743
org/jfree/chart/renderer/xy/,StackedXYBarRenderer.java,21,381,18.142857,48,0.37797618
org/jfree/chart/renderer/xy/,VectorRenderer.java,19,311,16.368422,35,0.4676692
org/jfree/chart/renderer/category/,StackedBarRenderer.java,22,349,15.863636,47,0.33752418
org/jfree/chart/renderer/category/,GradientBarPainter.java,12,356,29.666666,33,0.89898986
org/jfree/chart/renderer/xy/,SamplingXYLineRenderer.java,24,336,14.0,29,0.4827586
org/jfree/chart/renderer/xy/,XYStepAreaRenderer.java,22,603,27.40909,56,0.48944804
org/jfree/chart/renderer/category/,LayeredBarRenderer.java,20,449,22.45,66,0.34015152
org/jfree/chart/renderer/category/,CategoryItemRendererState.java,5,196,39.2,12,3.2666667
org/jfree/chart/renderer/category/,ScatterRenderer.java,269,265,0.98513013,46,0.021415872
org/jfree/chart/renderer/xy/,XYErrorRenderer.java,23,416,18.086956,41,0.44114527
org/jfree/chart/renderer/category/,GanttRenderer.java,24,582,24.25,47,0.5159575
org/jfree/chart/renderer/xy/,XYBarPainter.java,11,69,6.2727275,4,1.5681819
org/jfree/chart/renderer/xy/,StackedXYAreaRenderer2.java,23,502,21.826086,56,0.38975152
org/jfree/chart/renderer/xy/,XYShapeRenderer.java,34,568,16.705883,59,0.28315055
org/jfree/chart/renderer/xy/,XYAreaRenderer2.java,31,387,12.4838705,31,0.4027055
org/jfree/chart/renderer/category/,IntervalBarRenderer.java,14,226,16.142857,22,0.7337662
org/jfree/chart/renderer/xy/,XYDotRenderer.java,23,340,14.782609,31,0.47685835
org/jfree/chart/renderer/xy/,YIntervalRenderer.java,29,273,9.413794,19,0.4954628
org/jfree/chart/renderer/xy/,DeviationRenderer.java,28,340,12.142858,23,0.52795035
org/jfree/chart/renderer/category/,BarPainter.java,11,73,6.6363635,4,1.6590909
org/jfree/chart/renderer/category/,package-info.java,1,3,3.0,1,3.0
org/jfree/chart/swing/editor/,FontChooserPanel.java,13,191,14.692307,14,1.0494505
org/jfree/chart/swing/editor/,package-info.java,1,3,3.0,1,3.0
org/jfree/chart/swing/editor/,DefaultNumberAxisEditor.java,97,54,0.556701,13,0.042823154
org/jfree/chart/swing/editor/,DefaultLogAxisEditor.java,82,66,0.80487806,13,0.061913695
org/jfree/chart/swing/editor/,DefaultPolarPlotEditor.java,14,190,13.571428,10,1.3571428
org/jfree/chart/swing/editor/,DefaultAxisEditor.java,22,485,22.045454,31,0.7111437
org/jfree/chart/swing/editor/,ChartEditorFactory.java,5,45,9.0,4,2.25
org/jfree/chart/swing/editor/,ChartEditor.java,6,46,7.6666665,6,1.2777778
org/jfree/chart/swing/editor/,DefaultPlotEditor.java,30,593,19.766666,62,0.3188172
org/jfree/chart/swing/editor/,StrokeSample.java,15,144,9.6,8,1.2
org/jfree/chart/swing/editor/,DefaultTitleEditor.java,20,266,13.3,17,0.7823529
org/jfree/chart/swing/editor/,StrokeChooserPanel.java,8,81,10.125,4,2.53125
org/jfree/chart/swing/editor/,FontDisplayField.java,5,88,17.6,8,2.2
org/jfree/chart/swing/editor/,ChartEditorManager.java,4,81,20.25,4,5.0625
org/jfree/chart/swing/editor/,DefaultChartEditor.java,20,241,12.05,11,1.0954546
org/jfree/chart/swing/editor/,LCBLayout.java,8,252,31.5,14,2.25
org/jfree/chart/swing/editor/,PaintSample.java,10,100,10.0,4,2.5
org/jfree/chart/swing/editor/,DefaultChartEditorFactory.java,10,48,4.8,4,1.2
org/jfree/chart/swing/editor/,DefaultValueAxisEditor.java,20,392,19.6,24,0.81666666
org/jfree/chart/plot/compass/,MeterNeedle.java,19,396,20.842106,22,0.94736844
org/jfree/chart/plot/dial/,DialScale.java,5,58,11.6,5,2.3200002
org/jfree/chart/plot/compass/,ArrowNeedle.java,11,158,14.363636,15,0.95757574
org/jfree/chart/plot/compass/,LineNeedle.java,8,113,14.125,8,1.765625
org/jfree/chart/plot/pie/,PieLabelDistributor.java,3,208,69.333336,17,4.0784316
org/jfree/chart/plot/compass/,PinNeedle.java,9,133,14.777778,10,1.4777777
org/jfree/chart/plot/dial/,DialBackground.java,19,240,12.631579,18,0.7017544
org/jfree/chart/plot/flow/,package-info.java,1,3,3.0,1,3.0
org/jfree/chart/plot/compass/,CompassPlot.java,32,829,25.90625,43,0.60247093
org/jfree/chart/plot/pie/,AbstractPieLabelDistributor.java,5,98,19.6,5,3.92
org/jfree/chart/plot/dial/,AbstractDialLayer.java,9,197,21.88889,18,1.2160494
org/jfree/chart/plot/dial/,ArcDialFrame.java,23,483,21.0,27,0.7777778
org/jfree/chart/plot/compass/,package-info.java,1,3,3.0,1,3.0
org/jfree/chart/plot/compass/,MiddlePinNeedle.java,10,135,13.5,10,1.35
org/jfree/chart/plot/pie/,MultiplePiePlot.java,41,589,14.365853,55,0.26119733
org/jfree/chart/plot/dial/,DialLayerChangeEvent.java,3,62,20.666666,4,5.1666665
org/jfree/chart/plot/compass/,WindNeedle.java,6,114,19.0,8,2.375
org/jfree/chart/plot/dial/,package-info.java,1,3,3.0,1,3.0
org/jfree/chart/plot/dial/,DialPlot.java,28,784,28.0,65,0.43076923
org/jfree/chart/plot/pie/,PieLabelLinkStyle.java,2,49,24.5,4,6.125
org/jfree/chart/plot/compass/,PlumNeedle.java,8,122,15.25,9,1.6944444
org/jfree/chart/plot/flow/,FlowPlot.java,38,786,20.68421,74,0.27951634
org/jfree/chart/plot/pie/,package-info.java,1,3,3.0,1,3.0
org/jfree/chart/plot/dial/,DialTextAnnotation.java,21,369,17.571428,27,0.6507936
org/jfree/chart/plot/pie/,PieLabelRecord.java,4,272,68.0,19,3.5789473
org/jfree/chart/plot/dial/,DialLayerChangeListener.java,5,46,9.2,6,1.5333333
org/jfree/chart/plot/dial/,StandardDialScale.java,25,969,38.76,59,0.6569491
org/jfree/chart/plot/dial/,StandardDialRange.java,18,406,22.555555,27,0.8353909
org/jfree/chart/plot/dial/,DialLayer.java,14,88,6.285714,8,0.78571427
org/jfree/chart/plot/dial/,DialFrame.java,7,52,7.428571,5,1.4857142
org/jfree/chart/plot/dial/,StandardDialFrame.java,21,327,15.571428,19,0.81954885
org/jfree/chart/plot/compass/,LongNeedle.java,8,168,21.0,12,1.75
org/jfree/chart/plot/dial/,DialPointer.java,22,601,27.318182,32,0.8536932
org/jfree/chart/plot/compass/,PointerNeedle.java,8,144,18.0,12,1.5
org/jfree/chart/plot/dial/,DialCap.java,19,311,16.368422,21,0.7794486
org/jfree/chart/plot/pie/,PiePlotState.java,5,265,53.0,4,13.25
org/jfree/chart/plot/dial/,DialValueIndicator.java,31,726,23.419355,51,0.45920303
org/jfree/chart/plot/pie/,PiePlot.java,34,3179,93.5,243,0.38477367
org/jfree/chart/plot/compass/,ShipNeedle.java,8,120,15.0,9,1.6666666
